provider,category,product,dsl,isDecorator,resourceType,tagName,subType,iconURL,typeURI,docURL
Azure_Products_Icons,ai-machine-learning,Anomaly Detector,az_Anomaly_Detector,false,cloud,terminal,az_Anomaly_Detector,https://static.docs.com/ui/media/product/azure/anomaly-detector.svg,,https://docs.microsoft.com/en-us/azure/cognitive-services/anomaly-detector/index
Azure_Products_Icons,ai-machine-learning,Azure Bot Service,az_Azure_Bot_Service,false,cloud,terminal,az_Azure_Bot_Service,https://static.docs.com/ui/media/product/azure/bot-service.svg,,https://docs.microsoft.com/en-us//azure/bot-service/
Azure_Products_Icons,ai-machine-learning,mobile,web,Azure Cognitive Search,az_Azure_Cognitive_Search,false,cloud,terminal,az_Azure_Cognitive_Search,https://static.docs.com/ui/media/product/azure/search.svg,,https://docs.microsoft.com/en-us/azure/search/index
Azure_Products_Icons,featured,ai-machine-learning,mobile,Azure Cognitive Services,az_Azure_Cognitive_Services,false,cloud,terminal,az_Azure_Cognitive_Services,https://static.docs.com/ui/media/product/azure/cognitive-services.svg,,https://docs.microsoft.com/en-us/azure/cognitive-services/index
Azure_Products_Icons,ai-machine-learning,analytics,Azure Databricks,az_Azure_Databricks,false,cloud,terminal,az_Azure_Databricks,https://static.docs.com/ui/media/product/azure/databricks.svg,,https://docs.microsoft.com/en-us//azure/databricks/
Azure_Products_Icons,ai-machine-learning,iot,Azure Machine Learning,az_Azure_Machine_Learning,false,cloud,terminal,az_Azure_Machine_Learning,https://static.docs.com/ui/media/product/azure/machine-learning.svg,,https://docs.microsoft.com/en-us/azure/machine-learning/index
Azure_Products_Icons,ai-machine-learning,Azure Open Datasets,az_Azure_Open_Datasets,false,cloud,terminal,az_Azure_Open_Datasets,https://static.docs.com/ui/media/product/azure/open-datasets.svg,,https://docs.microsoft.com/en-us/azure/open-datasets/index
Azure_Products_Icons,iot,Azure RTOS,az_Azure_RTOS,false,cloud,terminal,az_Azure_RTOS,https://static.docs.com/ui/media/product/azure/rtos.svg,,https://docs.microsoft.com/en-us//azure/rtos/
Azure_Products_Icons,ai-machine-learning,Bing Autosuggest,az_Bing_Autosuggest,false,cloud,terminal,az_Bing_Autosuggest,https://raw.githubusercontent.com/MicrosoftDocs/azure-docs/master/articles/./media/index/API_Bing_AutoSuggest.svg,,https://docs.microsoft.com/en-us/azure/cognitive-services/bing-autosuggest/get-suggested-search-terms
Azure_Products_Icons,ai-machine-learning,Bing Custom Search,az_Bing_Custom_Search,false,cloud,terminal,az_Bing_Custom_Search,https://raw.githubusercontent.com/MicrosoftDocs/azure-docs/master/articles/./media/index/API_Bing_Custom_Search.svg,,https://docs.microsoft.com/en-us/azure/cognitive-services/bing-custom-search/overview
Azure_Products_Icons,ai-machine-learning,Bing Entity Search,az_Bing_Entity_Search,false,cloud,terminal,az_Bing_Entity_Search,https://raw.githubusercontent.com/MicrosoftDocs/azure-docs/master/articles/./media/index/API_Bing_Entity_Search.svg,,https://docs.microsoft.com/en-us/azure/cognitive-services/bing-entities-search/overview
Azure_Products_Icons,ai-machine-learning,Bing Image Search,az_Bing_Image_Search,false,cloud,terminal,az_Bing_Image_Search,https://raw.githubusercontent.com/MicrosoftDocs/azure-docs/master/articles/./media/index/API_Bing_Image_Search.svg,,https://docs.microsoft.com/en-us/azure/cognitive-services/bing-image-search/overview
Azure_Products_Icons,ai-machine-learning,Bing News Search,az_Bing_News_Search,false,cloud,terminal,az_Bing_News_Search,https://raw.githubusercontent.com/MicrosoftDocs/azure-docs/master/articles/./media/index/API_Bing_News_Search.svg,,https://docs.microsoft.com/en-us/azure/cognitive-services/bing-news-search/search-the-web
Azure_Products_Icons,ai-machine-learning,Bing Spell Check,az_Bing_Spell_Check,false,cloud,terminal,az_Bing_Spell_Check,https://raw.githubusercontent.com/MicrosoftDocs/azure-docs/master/articles/./media/index/API_Bing_Spell_Check.svg,,https://docs.microsoft.com/en-us/azure/cognitive-services/bing-spell-check/overview
Azure_Products_Icons,ai-machine-learning,Bing Video Search,az_Bing_Video_Search,false,cloud,terminal,az_Bing_Video_Search,https://raw.githubusercontent.com/MicrosoftDocs/azure-docs/master/articles/./media/index/API_Bing_Video_Search.svg,,https://docs.microsoft.com/en-us/azure/cognitive-services/bing-video-search/overview
Azure_Products_Icons,ai-machine-learning,Bing Visual Search,az_Bing_Visual_Search,false,cloud,terminal,az_Bing_Visual_Search,https://raw.githubusercontent.com/MicrosoftDocs/azure-docs/master/articles/./media/index/API_Bing_Visual_Search.svg,,https://docs.microsoft.com/en-us/azure/cognitive-services/bing-visual-search/overview
Azure_Products_Icons,ai-machine-learning,Bing Web Search,az_Bing_Web_Search,false,cloud,terminal,az_Bing_Web_Search,https://raw.githubusercontent.com/MicrosoftDocs/azure-docs/master/articles/./media/index/API_Bing_Web_Search.svg,,https://docs.microsoft.com/en-us/azure/cognitive-services/bing-web-search/overview
Azure_Products_Icons,web,mobile,Azure Communication Services (Preview),az_Azure_Communication_Services__Preview_,false,cloud,terminal,az_Azure_Communication_Services__Preview_,https://raw.githubusercontent.com/MicrosoftDocs/azure-docs/master/articles/./media/index/communication-services.svg,,https://docs.microsoft.com/en-us/azure/communication-services/overview
Azure_Products_Icons,ai-machine-learning,Computer Vision,az_Computer_Vision,false,cloud,terminal,az_Computer_Vision,https://static.docs.com/ui/media/product/azure/cognitive-services.svg,,https://docs.microsoft.com/en-us/azure/cognitive-services/computer-vision/index
Azure_Products_Icons,ai-machine-learning,Content Moderator,az_Content_Moderator,false,cloud,terminal,az_Content_Moderator,https://static.docs.com/ui/media/product/azure/cognitive-services.svg,,https://docs.microsoft.com/en-us/azure/cognitive-services/content-moderator/index
Azure_Products_Icons,ai-machine-learning,Custom Vision,az_Custom_Vision,false,cloud,terminal,az_Custom_Vision,https://static.docs.com/ui/media/product/azure/custom-vision.svg,,https://docs.microsoft.com/en-us/azure/cognitive-services/Custom-Vision-Service/index
Azure_Products_Icons,ai-machine-learning,Data Science Virtual Machines,az_Data_Science_Virtual_Machines,false,cloud,terminal,az_Data_Science_Virtual_Machines,https://static.docs.com/ui/media/product/azure/virtual-machine.svg,,https://docs.microsoft.com/en-us/azure/machine-learning/data-science-virtual-machine/index
Azure_Products_Icons,ai-machine-learning,Face,az_Face,false,cloud,terminal,az_Face,https://static.docs.com/ui/media/product/azure/cognitive-services.svg,,https://docs.microsoft.com/en-us/azure/cognitive-services/face/index
Azure_Products_Icons,ai-machine-learning,Form Recognizer,az_Form_Recognizer,false,cloud,terminal,az_Form_Recognizer,https://static.docs.com/ui/media/product/azure/cognitive-services.svg,,https://docs.microsoft.com/en-us/azure/cognitive-services/form-recognizer/index
Azure_Products_Icons,ai-machine-learning,Immersive Reader,az_Immersive_Reader,false,cloud,terminal,az_Immersive_Reader,https://static.docs.com/ui/media/product/azure/cognitive-services.svg,,https://docs.microsoft.com/en-us/azure/cognitive-services/immersive-reader/index
Azure_Products_Icons,ai-machine-learning,Ink Recognizer (Preview),az_Ink_Recognizer__Preview_,false,cloud,terminal,az_Ink_Recognizer__Preview_,https://static.docs.com/ui/media/product/azure/cognitive-services.svg,,https://docs.microsoft.com/en-us/azure/cognitive-services/ink-recognizer/index
Azure_Products_Icons,ai-machine-learning,iot,mixed-reality,Kinect DK,az_Kinect_DK,false,cloud,terminal,az_Kinect_DK,https://raw.githubusercontent.com/MicrosoftDocs/azure-docs/master/articles/./media/index/kinect-viewer.svg,,https://docs.microsoft.com/en-us/azure/kinect-dk/index
Azure_Products_Icons,ai-machine-learning,Language Understanding,az_Language_Understanding,false,cloud,terminal,az_Language_Understanding,https://static.docs.com/ui/media/product/azure/cognitive-services.svg,,https://docs.microsoft.com/en-us/azure/cognitive-services/luis/index
Azure_Products_Icons,ai-machine-learning,Microsoft Genomics,az_Microsoft_Genomics,false,cloud,terminal,az_Microsoft_Genomics,https://static.docs.com/ui/media/product/azure/genomics.svg,,https://docs.microsoft.com/en-us/azure/genomics/index
Azure_Products_Icons,ai-machine-learning,Metrics Advisor (Preview),az_Metrics_Advisor__Preview_,false,cloud,terminal,az_Metrics_Advisor__Preview_,https://raw.githubusercontent.com/MicrosoftDocs/azure-docs/master/articles/./media/index/metrics-advisor.svg,,https://docs.microsoft.com/en-us/azure/cognitive-services/metrics-advisor/index
Azure_Products_Icons,ai-machine-learning,Personalizer,az_Personalizer,false,cloud,terminal,az_Personalizer,https://static.docs.com/ui/media/product/azure/cognitive-services.svg,,https://docs.microsoft.com/en-us/azure/cognitive-services/personalizer/index
Azure_Products_Icons,ai-machine-learning,Project Bonsai (Preview),az_Project_Bonsai__Preview_,false,cloud,terminal,az_Project_Bonsai__Preview_,https://static.docs.com/ui/media/product/azure/bonsai.svg,,https://docs.microsoft.com/en-us/azure//bonsai/
Azure_Products_Icons,ai-machine-learning,QnA Maker,az_QnA_Maker,false,cloud,terminal,az_QnA_Maker,https://static.docs.com/ui/media/product/azure/cognitive-services.svg,,https://docs.microsoft.com/en-us/azure/cognitive-services/qnamaker/index
Azure_Products_Icons,ai-machine-learning,Speaker Recognition (Preview),az_Speaker_Recognition__Preview_,false,cloud,terminal,az_Speaker_Recognition__Preview_,https://static.docs.com/ui/media/product/azure/cognitive-services.svg,,https://docs.microsoft.com/en-us/azure/./cognitive-services/speech-service/speaker-recognition-overview
Azure_Products_Icons,ai-machine-learning,Speech to Text,az_Speech_to_Text,false,cloud,terminal,az_Speech_to_Text,https://static.docs.com/ui/media/product/azure/cognitive-services.svg,,https://docs.microsoft.com/en-us/azure/./cognitive-services/speech-service/index-speech-to-text
Azure_Products_Icons,ai-machine-learning,Speech Translation,az_Speech_Translation,false,cloud,terminal,az_Speech_Translation,https://static.docs.com/ui/media/product/azure/cognitive-services.svg,,https://docs.microsoft.com/en-us/azure/./cognitive-services/speech-service/index-speech-translation
Azure_Products_Icons,ai-machine-learning,Text Analytics,az_Text_Analytics,false,cloud,terminal,az_Text_Analytics,https://static.docs.com/ui/media/product/azure/cognitive-services.svg,,https://docs.microsoft.com/en-us/azure/cognitive-services/text-analytics/index
Azure_Products_Icons,ai-machine-learning,Text to Speech,az_Text_to_Speech,false,cloud,terminal,az_Text_to_Speech,https://static.docs.com/ui/media/product/azure/cognitive-services.svg,,https://docs.microsoft.com/en-us/azure/./cognitive-services/speech-service/index-text-to-speech
Azure_Products_Icons,ai-machine-learning,Translator,az_Translator,false,cloud,terminal,az_Translator,https://static.docs.com/ui/media/product/azure/cognitive-services.svg,,https://docs.microsoft.com/en-us/azure/cognitive-services/translator/index
Azure_Products_Icons,ai-machine-learning,media,Video Indexer,az_Video_Indexer,false,cloud,terminal,az_Video_Indexer,https://static.docs.com/ui/media/product/azure/media-services.svg,,https://docs.microsoft.com/en-us/azure/media-services/video-indexer/index
Azure_Products_Icons,analytics,Azure Analysis Services,az_Azure_Analysis_Services,false,cloud,terminal,az_Azure_Analysis_Services,https://static.docs.com/ui/media/product/azure/analysis-services.svg,,https://docs.microsoft.com/en-us/azure/analysis-services/index
Azure_Products_Icons,analytics,Azure Data Explorer,az_Azure_Data_Explorer,false,cloud,terminal,az_Azure_Data_Explorer,https://static.docs.com/ui/media/product/azure/data-explorer.svg,,https://docs.microsoft.com/en-us//azure/data-explorer
Azure_Products_Icons,analytics,storage,Azure Data Lake Storage,az_Azure_Data_Lake_Storage,false,cloud,terminal,az_Azure_Data_Lake_Storage,https://static.docs.com/ui/media/product/azure/storage-accounts.svg,,https://docs.microsoft.com/en-us/azure/storage/blobs/data-lake-storage-introduction
Azure_Products_Icons,analytics,storage,Azure Data Share,az_Azure_Data_Share,false,cloud,terminal,az_Azure_Data_Share,https://static.docs.com/ui/media/product/azure/data-shares.svg,,https://docs.microsoft.com/en-us/azure/data-share/index
Azure_Products_Icons,analytics,iot,Azure Stream Analytics,az_Azure_Stream_Analytics,false,cloud,terminal,az_Azure_Stream_Analytics,https://static.docs.com/ui/media/product/azure/stream-analytics.svg,,https://docs.microsoft.com/en-us/azure/stream-analytics/index
Azure_Products_Icons,analytics,Azure Synapse Analytics,az_Azure_Synapse_Analytics,false,cloud,terminal,az_Azure_Synapse_Analytics,https://static.docs.com/ui/media/product/azure/synapse.svg,,https://docs.microsoft.com/en-us/azure/synapse-analytics/index
Azure_Products_Icons,analytics,Data Catalog,az_Data_Catalog,false,cloud,terminal,az_Data_Catalog,https://static.docs.com/ui/media/product/azure/data-catalog.svg,,https://docs.microsoft.com/en-us/azure/data-catalog/index
Azure_Products_Icons,analytics,management-and-governance,Azure Purview,az_Azure_Purview,false,cloud,terminal,az_Azure_Purview,https://static.docs.com/ui/media/product/azure/purview.svg,,https://docs.microsoft.com/en-us/azure/purview/index
Azure_Products_Icons,analytics,Data Factory,az_Data_Factory,false,cloud,terminal,az_Data_Factory,https://static.docs.com/ui/media/product/azure/data-factory.svg,,https://docs.microsoft.com/en-us/azure/data-factory/index
Azure_Products_Icons,analytics,Data Lake Analytics,az_Data_Lake_Analytics,false,cloud,terminal,az_Data_Lake_Analytics,https://static.docs.com/ui/media/product/azure/data-lake-analytics.svg,,https://docs.microsoft.com/en-us/azure/data-lake-analytics/index
Azure_Products_Icons,analytics,Event Hubs,az_Event_Hubs,false,cloud,terminal,az_Event_Hubs,https://static.docs.com/ui/media/product/azure/event-hubs.svg,,https://docs.microsoft.com/en-us/azure/event-hubs/index
Azure_Products_Icons,analytics,HDInsight,az_HDInsight,false,cloud,terminal,az_HDInsight,https://static.docs.com/ui/media/product/azure/hdinsight.svg,,https://docs.microsoft.com/en-us/azure/hdinsight/index
Azure_Products_Icons,analytics,management-and-governance,Log Analytics,az_Log_Analytics,false,cloud,terminal,az_Log_Analytics,https://static.docs.com/ui/media/product/azure/log-analytics.svg,,https://docs.microsoft.com/en-us/azure/azure-monitor/index
Azure_Products_Icons,analytics,Power BI Embedded,az_Power_BI_Embedded,false,cloud,terminal,az_Power_BI_Embedded,https://static.docs.com/ui/media/product/azure/power-bi.svg,,https://docs.microsoft.com/en-us/azure//power-bi/developer/azure-pbie-what-is-power-bi-embedded
Azure_Products_Icons,analytics,R Server for HDInsight,az_R_Server_for_HDInsight,false,cloud,terminal,az_R_Server_for_HDInsight,https://static.docs.com/ui/media/product/azure/hdinsight.svg,,https://docs.microsoft.com/en-us/azure/hdinsight/r-server/r-server-overview
Azure_Products_Icons,blockchain,Azure Blockchain Service (Preview),az_Azure_Blockchain_Service__Preview_,false,cloud,terminal,az_Azure_Blockchain_Service__Preview_,https://static.docs.com/ui/media/product/azure/blockchain-service.svg,,https://docs.microsoft.com/en-us/azure/blockchain/service/index
Azure_Products_Icons,blockchain,Azure Blockchain Workbench (Preview),az_Azure_Blockchain_Workbench__Preview_,false,cloud,terminal,az_Azure_Blockchain_Workbench__Preview_,https://static.docs.com/ui/media/product/azure/blockchain-workbench.svg,,https://docs.microsoft.com/en-us/azure/blockchain/workbench/index
Azure_Products_Icons,featured,blockchain,databases,iot,Azure Cosmos DB,az_Azure_Cosmos_DB,false,cloud,terminal,az_Azure_Cosmos_DB,https://static.docs.com/ui/media/product/azure/cosmos-db.svg,,https://docs.microsoft.com/en-us/azure/cosmos-db/index
Azure_Products_Icons,blockchain,integration,iot,Logic Apps,az_Logic_Apps,false,cloud,terminal,az_Logic_Apps,https://static.docs.com/ui/media/product/azure/logic-apps.svg,,https://docs.microsoft.com/en-us/azure/logic-apps/index
Azure_Products_Icons,compute,containers,web,API Apps,az_API_Apps,false,cloud,terminal,az_API_Apps,https://static.docs.com/ui/media/product/azure/api-apps.svg,,https://docs.microsoft.com/en-us/azure/app-service/index
Azure_Products_Icons,featured,compute,mobile,web,App Service,az_App_Service,false,cloud,terminal,az_App_Service,https://static.docs.com/ui/media/product/azure/app-service.svg,,https://docs.microsoft.com/en-us/azure/app-service/index
Azure_Products_Icons,compute,Azure CycleCloud,az_Azure_CycleCloud,false,cloud,terminal,az_Azure_CycleCloud,https://raw.githubusercontent.com/MicrosoftDocs/azure-docs/master/articles/./media/index/logo_cyclecloud.svg,,https://docs.microsoft.com/en-us//azure/cyclecloud/index
Azure_Products_Icons,compute,Azure Dedicated Host,az_Azure_Dedicated_Host,false,cloud,terminal,az_Azure_Dedicated_Host,https://static.docs.com/ui/media/product/azure/virtual-machine.svg,,https://docs.microsoft.com/en-us/azure/./virtual-machines/dedicated-hosts
Azure_Products_Icons,featured,compute,containers,iot,Azure Functions,az_Azure_Functions,false,cloud,terminal,az_Azure_Functions,https://static.docs.com/ui/media/product/azure/functions.svg,,https://docs.microsoft.com/en-us/azure/azure-functions/index
Azure_Products_Icons,featured,compute,containers,Azure Kubernetes Service (AKS),az_Azure_Kubernetes_Service__AKS_,false,cloud,terminal,az_Azure_Kubernetes_Service__AKS_,https://static.docs.com/ui/media/product/azure/kubernetes-services.svg,,https://docs.microsoft.com/en-us/azure/aks/index
Azure_Products_Icons,compute,web,Azure Spring Cloud,az_Azure_Spring_Cloud,false,cloud,terminal,az_Azure_Spring_Cloud,https://static.docs.com/ui/media/product/azure/spring-cloud.svg,,https://docs.microsoft.com/en-us/azure/spring-cloud/index
Azure_Products_Icons,compute,Azure VMware Solution,az_Azure_VMware_Solution,false,cloud,terminal,az_Azure_VMware_Solution,https://raw.githubusercontent.com/MicrosoftDocs/azure-docs/master/articles/./media/index/azure-vmware.svg,,https://docs.microsoft.com/en-us/azure/azure-vmware/index
Azure_Products_Icons,compute,Batch,az_Batch,false,cloud,terminal,az_Batch,https://static.docs.com/ui/media/product/azure/batch-accounts.svg,,https://docs.microsoft.com/en-us/azure/batch/index
Azure_Products_Icons,compute,Cloud Services,az_Cloud_Services,false,cloud,terminal,az_Cloud_Services,https://static.docs.com/ui/media/product/azure/cloud-services.svg,,https://docs.microsoft.com/en-us/azure/cloud-services/index
Azure_Products_Icons,compute,containers,Container Instances,az_Container_Instances,false,cloud,terminal,az_Container_Instances,https://static.docs.com/ui/media/product/azure/container-instances.svg,,https://docs.microsoft.com/en-us/azure/container-instances/index
Azure_Products_Icons,featured,compute,Linux Virtual Machines,az_Linux_Virtual_Machines,false,cloud,terminal,az_Linux_Virtual_Machines,https://static.docs.com/ui/media/product/azure/virtual-machine.svg,,https://docs.microsoft.com/en-us/azure/virtual-machines/linux/index
Azure_Products_Icons,compute,containers,Service Fabric,az_Service_Fabric,false,cloud,terminal,az_Service_Fabric,https://static.docs.com/ui/media/product/azure/service-fabric-clusters.svg,,https://docs.microsoft.com/en-us/azure/service-fabric/index
Azure_Products_Icons,compute,databases,SQL Server on Virtual Machines,az_SQL_Server_on_Virtual_Machines,false,cloud,terminal,az_SQL_Server_on_Virtual_Machines,https://static.docs.com/ui/media/product/azure/sql-server-vm.svg,,https://docs.microsoft.com/en-us/azure/./azure-sql/virtual-machines/windows/sql-server-on-azure-vm-iaas-what-is-overview.md?toc=%2fazure%2fvirtual-machines%2fwindows%2ftoc.json
Azure_Products_Icons,compute,web,Static Web Apps (Preview),az_Static_Web_Apps__Preview_,false,cloud,terminal,az_Static_Web_Apps__Preview_,https://raw.githubusercontent.com/MicrosoftDocs/azure-docs/master/articles/./media/index/static-apps.svg,,https://docs.microsoft.com/en-us/azure/static-web-apps/index
Azure_Products_Icons,compute,Virtual Machine Scale Sets,az_Virtual_Machine_Scale_Sets,false,cloud,terminal,az_Virtual_Machine_Scale_Sets,https://static.docs.com/ui/media/product/azure/vm-scale-sets.svg,,https://docs.microsoft.com/en-us/azure/virtual-machine-scale-sets/index
Azure_Products_Icons,compute,containers,web,Web Apps,az_Web_Apps,false,cloud,terminal,az_Web_Apps,https://static.docs.com/ui/media/product/azure/app-service.svg,,https://docs.microsoft.com/en-us/azure/app-service/index
Azure_Products_Icons,featured,compute,windows-virtual-desktop,Windows Virtual Desktop,az_Windows_Virtual_Desktop,false,cloud,terminal,az_Windows_Virtual_Desktop,https://static.docs.com/ui/media/product/azure/windows-virtual-desktop.svg,,https://docs.microsoft.com/en-us/azure/virtual-desktop/index
Azure_Products_Icons,featured,compute,Windows Virtual Machines,az_Windows_Virtual_Machines,false,cloud,terminal,az_Windows_Virtual_Machines,https://static.docs.com/ui/media/product/azure/virtual-machine.svg,,https://docs.microsoft.com/en-us/azure/virtual-machines/windows/index
Azure_Products_Icons,containers,developer-tools,Azure Dev Spaces,az_Azure_Dev_Spaces,false,cloud,terminal,az_Azure_Dev_Spaces,https://raw.githubusercontent.com/MicrosoftDocs/azure-docs/master/articles/./media/index/AzureDevSpaceController_50x.svg,,https://docs.microsoft.com/en-us/azure/dev-spaces/index
Azure_Products_Icons,containers,Azure Red Hat OpenShift,az_Azure_Red_Hat_OpenShift,false,cloud,terminal,az_Azure_Red_Hat_OpenShift,https://static.docs.com/ui/media/product/azure/openshift.svg,,https://docs.microsoft.com/en-us/azure/virtual-machines/linux/openshift-get-started
Azure_Products_Icons,containers,Container Registry,az_Container_Registry,false,cloud,terminal,az_Container_Registry,https://static.docs.com/ui/media/product/azure/container-registry.svg,,https://docs.microsoft.com/en-us/azure/container-registry/index
Azure_Products_Icons,containers,web,Web App for Containers,az_Web_App_for_Containers,false,cloud,terminal,az_Web_App_for_Containers,https://static.docs.com/ui/media/product/azure/web-apps-containers.svg,,https://docs.microsoft.com/en-us/azure/./app-service/index
Azure_Products_Icons,databases,integration,Azure API for FHIR,az_Azure_API_for_FHIR,false,cloud,terminal,az_Azure_API_for_FHIR,https://static.docs.com/ui/media/product/azure/api-for-fhir.svg,,https://docs.microsoft.com/en-us/azure/healthcare-apis/index
Azure_Products_Icons,databases,Azure Cache for Redis,az_Azure_Cache_for_Redis,false,cloud,terminal,az_Azure_Cache_for_Redis,https://static.docs.com/ui/media/product/azure/cache-redis.svg,,https://docs.microsoft.com/en-us/azure/azure-cache-for-redis/index
Azure_Products_Icons,databases,Azure Database for MariaDB,az_Azure_Database_for_MariaDB,false,cloud,terminal,az_Azure_Database_for_MariaDB,https://static.docs.com/ui/media/product/azure/database-mariadb-server.svg,,https://docs.microsoft.com/en-us/azure/mariadb/index
Azure_Products_Icons,databases,Azure Database for MySQL,az_Azure_Database_for_MySQL,false,cloud,terminal,az_Azure_Database_for_MySQL,https://static.docs.com/ui/media/product/azure/database-mysql-server.svg,,https://docs.microsoft.com/en-us/azure/mysql/index
Azure_Products_Icons,databases,hybrid,Azure Database for PostgreSQL,az_Azure_Database_for_PostgreSQL,false,cloud,terminal,az_Azure_Database_for_PostgreSQL,https://static.docs.com/ui/media/product/azure/database-postgresql-server.svg,,https://docs.microsoft.com/en-us/azure/postgresql/index
Azure_Products_Icons,databases,migration,Azure Database Migration Service,az_Azure_Database_Migration_Service,false,cloud,terminal,az_Azure_Database_Migration_Service,https://static.docs.com/ui/media/product/azure/database-migration-services.svg,,https://docs.microsoft.com/en-us/azure/dms/index
Azure_Products_Icons,featured,hybrid,databases,Azure SQL,az_Azure_SQL,false,cloud,terminal,az_Azure_SQL,https://static.docs.com/ui/media/product/azure/sql.svg,,https://docs.microsoft.com/en-us/azure/azure-sql/index
Azure_Products_Icons,databases,Azure SQL Database,az_Azure_SQL_Database,false,cloud,terminal,az_Azure_SQL_Database,https://static.docs.com/ui/media/product/azure/sql-database.svg,,https://docs.microsoft.com/en-us/azure/azure-sql/database/index
Azure_Products_Icons,databases,Azure SQL Managed Instance,az_Azure_SQL_Managed_Instance,false,cloud,terminal,az_Azure_SQL_Managed_Instance,https://static.docs.com/ui/media/product/azure/sql-managed-instance.svg,,https://docs.microsoft.com/en-us/azure/azure-sql/managed-instance/index
Azure_Products_Icons,databases,iot,Azure SQL Edge,az_Azure_SQL_Edge,false,cloud,terminal,az_Azure_SQL_Edge,https://static.docs.com/ui/media/product/azure/sql-database-edge.svg,,https://docs.microsoft.com/en-us/azure/azure-sql-edge/index
Azure_Products_Icons,databases,Table Storage,az_Table_Storage,false,cloud,terminal,az_Table_Storage,https://static.docs.com/ui/media/product/azure/storage-accounts.svg,,https://docs.microsoft.com/en-us/azure/cosmos-db/table-storage-overview
Azure_Products_Icons,developer-tools,App Configuration,az_App_Configuration,false,cloud,terminal,az_App_Configuration,https://static.docs.com/ui/media/product/azure/app-configuration.svg,,https://docs.microsoft.com/en-us/azure/azure-app-configuration/index
Azure_Products_Icons,developer-tools,Azure Data Studio,az_Azure_Data_Studio,false,cloud,terminal,az_Azure_Data_Studio,https://docs.microsoft.com/sql/tools/media/overview-sql-tools/azure-data-studio.svg,,https://docs.microsoft.com/en-us/azure//sql/azure-data-studio/
Azure_Products_Icons,developer-tools,devops,hybrid,Azure DevOps,az_Azure_DevOps,false,cloud,terminal,az_Azure_DevOps,https://static.docs.com/ui/media/product/azure/devops.svg,,https://docs.microsoft.com/en-us//azure/devops/
Azure_Products_Icons,developer-tools,devops,Azure DevTest Labs,az_Azure_DevTest_Labs,false,cloud,terminal,az_Azure_DevTest_Labs,https://static.docs.com/ui/media/product/azure/devtest-labs.svg,,https://docs.microsoft.com/en-us/azure/lab-services/index
Azure_Products_Icons,developer-tools,Azure Lab Services,az_Azure_Lab_Services,false,cloud,terminal,az_Azure_Lab_Services,https://static.docs.com/ui/media/product/azure/lab-services.svg,,https://docs.microsoft.com/en-us/azure/lab-services/index
Azure_Products_Icons,developer-tools,devops,Azure Pipelines,az_Azure_Pipelines,false,cloud,terminal,az_Azure_Pipelines,https://static.docs.com/ui/media/product/azure/pipelines.svg,,https://docs.microsoft.com/en-us//azure/devops/pipelines/
Azure_Products_Icons,developer-tools,Visual Studio,az_Visual_Studio,false,cloud,terminal,az_Visual_Studio,https://docs.microsoft.com/media/logos/logo_visual-studio.svg,,https://docs.microsoft.com/en-us/azure//visualstudio/windows
Azure_Products_Icons,developer-tools,Visual Studio Code,az_Visual_Studio_Code,false,cloud,terminal,az_Visual_Studio_Code,https://docs.microsoft.com/media/logos/logo_vs-code.svg,,https://code.visualstudio.com/docs
Azure_Products_Icons,developer-tools,Visual Studio Codespaces (Preview),az_Visual_Studio_Codespaces__Preview_,false,cloud,terminal,az_Visual_Studio_Codespaces__Preview_,https://docs.microsoft.com/media/logos/logo_visual-studio.svg,,https://docs.microsoft.com/en-us/azure//visualstudio/online/overview/what-is-vsonline
Azure_Products_Icons,devops,management-and-governance,Application Insights,az_Application_Insights,false,cloud,terminal,az_Application_Insights,https://static.docs.com/ui/media/product/azure/application-insights.svg,,https://docs.microsoft.com/en-us/azure/azure-monitor/index
Azure_Products_Icons,devops,Azure Artifacts,az_Azure_Artifacts,false,cloud,terminal,az_Azure_Artifacts,https://static.docs.com/ui/media/product/azure/artifacts.svg,,https://docs.microsoft.com/en-us//azure/devops/artifacts/
Azure_Products_Icons,devops,Azure Boards,az_Azure_Boards,false,cloud,terminal,az_Azure_Boards,https://static.docs.com/ui/media/product/azure/boards.svg,,https://docs.microsoft.com/en-us//azure/devops/boards/
Azure_Products_Icons,devops,management-and-governance,Azure Monitor,az_Azure_Monitor,false,cloud,terminal,az_Azure_Monitor,https://static.docs.com/ui/media/product/azure/monitor.svg,,https://docs.microsoft.com/en-us/azure/azure-monitor/index
Azure_Products_Icons,devops,Azure Repos,az_Azure_Repos,false,cloud,terminal,az_Azure_Repos,https://static.docs.com/ui/media/product/azure/repos.svg,,https://docs.microsoft.com/en-us//azure/devops/repos/
Azure_Products_Icons,devops,Azure Test Plans,az_Azure_Test_Plans,false,cloud,terminal,az_Azure_Test_Plans,https://static.docs.com/ui/media/product/azure/test-plans.svg,,https://docs.microsoft.com/en-us//azure/devops/test/
Azure_Products_Icons,devops,developer-tools,GitHub Actions for Azure,az_GitHub_Actions_for_Azure,false,cloud,terminal,az_GitHub_Actions_for_Azure,https://raw.githubusercontent.com/MicrosoftDocs/azure-docs/master/articles/./media/index/github-actions-icon.svg,,https://docs.microsoft.com/en-us//azure/developer/github/github-actions
Azure_Products_Icons,hybrid,identity,security,Azure Active Directory (AD),az_Azure_Active_Directory__AD_,false,cloud,terminal,az_Azure_Active_Directory__AD_,https://static.docs.com/ui/media/product/azure/active-directory.svg,,https://docs.microsoft.com/en-us/azure/active-directory/index
Azure_Products_Icons,hybrid,Azure Arc (Preview),az_Azure_Arc__Preview_,false,cloud,terminal,az_Azure_Arc__Preview_,https://static.docs.com/ui/media/product/azure/arc.svg,,https://docs.microsoft.com/en-us/azure/azure-arc/index
Azure_Products_Icons,hybrid,networking,Azure ExpressRoute,az_Azure_ExpressRoute,false,cloud,terminal,az_Azure_ExpressRoute,https://static.docs.com/ui/media/product/azure/expressroute.svg,,https://docs.microsoft.com/en-us/azure/expressroute/index
Azure_Products_Icons,hybrid,security,Azure Sentinel,az_Azure_Sentinel,false,cloud,terminal,az_Azure_Sentinel,https://static.docs.com/ui/media/product/azure/sentinel.svg,,https://docs.microsoft.com/en-us/azure/sentinel/index
Azure_Products_Icons,hybrid,Azure Stack,az_Azure_Stack,false,cloud,terminal,az_Azure_Stack,https://static.docs.com/ui/media/product/azure/stack.svg,,https://docs.microsoft.com/en-us/azure//azure-stack/
Azure_Products_Icons,hybrid,Azure Stack HCI (Preview),az_Azure_Stack_HCI__Preview_,false,cloud,terminal,az_Azure_Stack_HCI__Preview_,https://static.docs.com/ui/media/product/azure/stack-hci.svg,,https://docs.microsoft.com/en-us/azure//azure-stack/hci/
Azure_Products_Icons,hybrid,Azure Stack Hub,az_Azure_Stack_Hub,false,cloud,terminal,az_Azure_Stack_Hub,https://static.docs.com/ui/media/product/azure/stack-hub.svg,,https://docs.microsoft.com/en-us/azure//azure-stack/operator/
Azure_Products_Icons,hybrid,Azure Stack Edge,az_Azure_Stack_Edge,false,cloud,terminal,az_Azure_Stack_Edge,https://static.docs.com/ui/media/product/azure/stack-edge.svg,,https://docs.microsoft.com/en-us/azure/./databox-online/index
Azure_Products_Icons,hybrid,security,Security Center,az_Security_Center,false,cloud,terminal,az_Security_Center,https://static.docs.com/ui/media/product/azure/security-center.svg,,https://docs.microsoft.com/en-us/azure/security-center/index
Azure_Products_Icons,hybrid,iot,Azure IoT Edge,az_Azure_IoT_Edge,false,cloud,terminal,az_Azure_IoT_Edge,https://static.docs.com/ui/media/product/azure/iot-edge.svg,,https://docs.microsoft.com/en-us/azure/iot-edge/index
Azure_Products_Icons,identity,Azure Active Directory External Identities,az_Azure_Active_Directory_External_Identities,false,cloud,terminal,az_Azure_Active_Directory_External_Identities,https://static.docs.com/ui/media/product/azure/active-directory-b2c.svg,,https://docs.microsoft.com/en-us/azure/active-directory/external-identities/index
Azure_Products_Icons,identity,security,Azure Active Directory Domain Services,az_Azure_Active_Directory_Domain_Services,false,cloud,terminal,az_Azure_Active_Directory_Domain_Services,https://static.docs.com/ui/media/product/azure/ad-domain-services.svg,,https://docs.microsoft.com/en-us/azure/active-directory-domain-services/index
Azure_Products_Icons,identity,security,Azure Information Protection,az_Azure_Information_Protection,false,cloud,terminal,az_Azure_Information_Protection,https://static.docs.com/ui/media/product/azure/information-protection.svg,,https://docs.microsoft.com/en-us//azure/information-protection/
Azure_Products_Icons,integration,iot,mobile,web,API Management,az_API_Management,false,cloud,terminal,az_API_Management,https://static.docs.com/ui/media/product/azure/api-management.svg,,https://docs.microsoft.com/en-us/azure/api-management/index
Azure_Products_Icons,integration,iot,Event Grid,az_Event_Grid,false,cloud,terminal,az_Event_Grid,https://static.docs.com/ui/media/product/azure/event-grid-domains.svg,,https://docs.microsoft.com/en-us/azure/event-grid/index
Azure_Products_Icons,integration,Service Bus,az_Service_Bus,false,cloud,terminal,az_Service_Bus,https://static.docs.com/ui/media/product/azure/service-bus.svg,,https://docs.microsoft.com/en-us/azure/service-bus-messaging/index
Azure_Products_Icons,iot,mixed-reality,Azure Digital Twins (Preview),az_Azure_Digital_Twins__Preview_,false,cloud,terminal,az_Azure_Digital_Twins__Preview_,https://static.docs.com/ui/media/product/azure/digital-twins.svg,,https://docs.microsoft.com/en-us/azure/digital-twins/index
Azure_Products_Icons,iot,Azure IoT Central,az_Azure_IoT_Central,false,cloud,terminal,az_Azure_IoT_Central,https://static.docs.com/ui/media/product/azure/iot-central.svg,,https://docs.microsoft.com/en-us/azure/iot-central/index
Azure_Products_Icons,iot,Azure IoT Hub,az_Azure_IoT_Hub,false,cloud,terminal,az_Azure_IoT_Hub,https://static.docs.com/ui/media/product/azure/iot-hub.svg,,https://docs.microsoft.com/en-us/azure/iot-hub/index
Azure_Products_Icons,iot,Azure IoT solution accelerators,az_Azure_IoT_solution_accelerators,false,cloud,terminal,az_Azure_IoT_solution_accelerators,https://raw.githubusercontent.com/MicrosoftDocs/azure-docs/master/articles/./media/index/iot-solution-accelerators.svg,,https://docs.microsoft.com/en-us/azure/iot-accelerators/index
Azure_Products_Icons,iot,mobile,web,Azure Maps,az_Azure_Maps,false,cloud,terminal,az_Azure_Maps,https://static.docs.com/ui/media/product/azure/maps.svg,,https://docs.microsoft.com/en-us/azure/azure-maps/index
Azure_Products_Icons,iot,Azure Sphere,az_Azure_Sphere,false,cloud,terminal,az_Azure_Sphere,https://static.docs.com/ui/media/product/azure/sphere.svg,,https://docs.microsoft.com/en-us/azure//azure-sphere/
Azure_Products_Icons,iot,Azure Time Series Insights,az_Azure_Time_Series_Insights,false,cloud,terminal,az_Azure_Time_Series_Insights,https://static.docs.com/ui/media/product/azure/time-series-insights-environments.svg,,https://docs.microsoft.com/en-us/azure/time-series-insights/index
Azure_Products_Icons,iot,mobile,web,Notification Hubs,az_Notification_Hubs,false,cloud,terminal,az_Notification_Hubs,https://static.docs.com/ui/media/product/azure/notification-hubs.svg,,https://docs.microsoft.com/en-us/azure/notification-hubs/index
Azure_Products_Icons,iot,Windows 10 IoT Core Services,az_Windows_10_IoT_Core_Services,false,cloud,terminal,az_Windows_10_IoT_Core_Services,https://static.docs.com/ui/media/product/azure/iot-windows10-core-services.svg,,https://docs.microsoft.com/en-us/azure//windows/iot-core/
Azure_Products_Icons,management-and-governance,Automation,az_Automation,false,cloud,terminal,az_Automation,https://static.docs.com/ui/media/product/azure/automation.svg,,https://docs.microsoft.com/en-us/azure/automation/index
Azure_Products_Icons,management-and-governance,Azure Advisor,az_Azure_Advisor,false,cloud,terminal,az_Azure_Advisor,https://static.docs.com/ui/media/product/azure/advisor.svg,,https://docs.microsoft.com/en-us/azure/advisor/index
Azure_Products_Icons,management-and-governance,storage,Azure Backup,az_Azure_Backup,false,cloud,terminal,az_Azure_Backup,https://static.docs.com/ui/media/product/azure/recovery-services-vaults.svg,,https://docs.microsoft.com/en-us/azure/backup/index
Azure_Products_Icons,management-and-governance,Azure Blueprints (Preview),az_Azure_Blueprints__Preview_,false,cloud,terminal,az_Azure_Blueprints__Preview_,https://static.docs.com/ui/media/product/azure/blueprints.svg,,https://docs.microsoft.com/en-us/azure/governance/blueprints/index
Azure_Products_Icons,management-and-governance,Azure Lighthouse,az_Azure_Lighthouse,false,cloud,terminal,az_Azure_Lighthouse,https://static.docs.com/ui/media/product/azure/lighthouse.svg,,https://docs.microsoft.com/en-us/azure/lighthouse/index
Azure_Products_Icons,management-and-governance,Azure Managed Applications,az_Azure_Managed_Applications,false,cloud,terminal,az_Azure_Managed_Applications,https://static.docs.com/ui/media/product/azure/managed-applications.svg,,https://docs.microsoft.com/en-us/azure/azure-resource-manager/managed-applications/index
Azure_Products_Icons,management-and-governance,migration,Azure Migrate,az_Azure_Migrate,false,cloud,terminal,az_Azure_Migrate,https://static.docs.com/ui/media/product/azure/migrate.svg,,https://docs.microsoft.com/en-us/azure/migrate/index
Azure_Products_Icons,management-and-governance,Azure Policy,az_Azure_Policy,false,cloud,terminal,az_Azure_Policy,https://static.docs.com/ui/media/product/azure/policy.svg,,https://docs.microsoft.com/en-us/azure/governance/policy/index
Azure_Products_Icons,management-and-governance,Azure Resource Manager,az_Azure_Resource_Manager,false,cloud,terminal,az_Azure_Resource_Manager,https://static.docs.com/ui/media/product/azure/resource-groups.svg,,https://docs.microsoft.com/en-us/azure/azure-resource-manager/index
Azure_Products_Icons,management-and-governance,Azure Resource Mover (Preview),az_Azure_Resource_Mover__Preview_,false,cloud,terminal,az_Azure_Resource_Mover__Preview_,https://static.docs.com/ui/media/product/azure/resource-mover.svg,,https://docs.microsoft.com/en-us/azure/resource-mover/index
Azure_Products_Icons,management-and-governance,ARM templates,az_ARM_templates,false,cloud,terminal,az_ARM_templates,https://static.docs.com/ui/media/product/azure/resource-groups.svg,,https://docs.microsoft.com/en-us/azure/azure-resource-manager/templates/index
Azure_Products_Icons,management-and-governance,Azure Service Health,az_Azure_Service_Health,false,cloud,terminal,az_Azure_Service_Health,https://static.docs.com/ui/media/product/azure/service-health.svg,,https://docs.microsoft.com/en-us/azure/service-health/index
Azure_Products_Icons,management-and-governance,migration,Azure Site Recovery,az_Azure_Site_Recovery,false,cloud,terminal,az_Azure_Site_Recovery,https://static.docs.com/ui/media/product/azure/recovery-services-vaults.svg,,https://docs.microsoft.com/en-us/azure/site-recovery/index
Azure_Products_Icons,management-and-governance,Azure Cloud Shell,az_Azure_Cloud_Shell,false,cloud,terminal,az_Azure_Cloud_Shell,https://static.docs.com/ui/media/product/azure/cloud-shell.svg,,https://docs.microsoft.com/en-us/azure/cloud-shell/overview
Azure_Products_Icons,management-and-governance,migration,Cost Management + Billing,az_Cost_Management___Billing,false,cloud,terminal,az_Cost_Management___Billing,https://static.docs.com/ui/media/product/azure/cost-management.svg,,https://docs.microsoft.com/en-us/azure/cost-management-billing/index
Azure_Products_Icons,management-and-governance,Microsoft Azure portal,az_Microsoft_Azure_portal,false,cloud,terminal,az_Microsoft_Azure_portal,https://static.docs.com/ui/media/product/azure/azure.svg,,https://docs.microsoft.com/en-us/azure/azure-portal/index
Azure_Products_Icons,management-and-governance,networking,Network Watcher,az_Network_Watcher,false,cloud,terminal,az_Network_Watcher,https://static.docs.com/ui/media/product/azure/network-watcher.svg,,https://docs.microsoft.com/en-us/azure/network-watcher/index
Azure_Products_Icons,management-and-governance,networking,Traffic Manager,az_Traffic_Manager,false,cloud,terminal,az_Traffic_Manager,https://static.docs.com/ui/media/product/azure/traffic-manager.svg,,https://docs.microsoft.com/en-us/azure/traffic-manager/index
Azure_Products_Icons,media,Azure Media Player,az_Azure_Media_Player,false,cloud,terminal,az_Azure_Media_Player,https://static.docs.com/ui/media/product/azure/media-services.svg,,https://docs.microsoft.com/en-us/azure/media-services/latest/use-azure-media-player
Azure_Products_Icons,media,networking,web,Content Delivery Network,az_Content_Delivery_Network,false,cloud,terminal,az_Content_Delivery_Network,https://static.docs.com/ui/media/product/azure/cdn-profiles.svg,,https://docs.microsoft.com/en-us/azure/cdn/index
Azure_Products_Icons,media,Content Protection,az_Content_Protection,false,cloud,terminal,az_Content_Protection,https://raw.githubusercontent.com/MicrosoftDocs/azure-docs/master/articles/./media/index/media-protection.svg,,https://docs.microsoft.com/en-us/azure/media-services/latest/content-protection-overview
Azure_Products_Icons,media,Encoding,az_Encoding,false,cloud,terminal,az_Encoding,https://static.docs.com/ui/media/product/azure/media-services.svg,,https://docs.microsoft.com/en-us/azure/media-services/latest/encoding-concept
Azure_Products_Icons,media,Live and On-Demand Streaming,az_Live_and_On_Demand_Streaming,false,cloud,terminal,az_Live_and_On_Demand_Streaming,https://static.docs.com/ui/media/product/azure/media-services.svg,,https://docs.microsoft.com/en-us/azure/media-services/latest/stream-live-tutorial-with-api
Azure_Products_Icons,media,Live Video Analytics (Preview),az_Live_Video_Analytics__Preview_,false,cloud,terminal,az_Live_Video_Analytics__Preview_,https://static.docs.com/ui/media/product/azure/media-services.svg,,https://docs.microsoft.com/en-us/azure/media-services/live-video-analytics-edge/overview
Azure_Products_Icons,media,Media Services,az_Media_Services,false,cloud,terminal,az_Media_Services,https://static.docs.com/ui/media/product/azure/media-services.svg,,https://docs.microsoft.com/en-us/azure/media-services/latest/index
Azure_Products_Icons,migration,storage,Data Box,az_Data_Box,false,cloud,terminal,az_Data_Box,https://static.docs.com/ui/media/product/azure/data-box.svg,,https://docs.microsoft.com/en-us/azure/databox/index
Azure_Products_Icons,mixed-reality,mobile,Spatial Anchors,az_Spatial_Anchors,false,cloud,terminal,az_Spatial_Anchors,https://static.docs.com/ui/media/product/azure/spatial-anchor-accounts.svg,,https://docs.microsoft.com/en-us/azure/spatial-anchors/index
Azure_Products_Icons,mixed-reality,Remote Rendering (Preview),az_Remote_Rendering__Preview_,false,cloud,terminal,az_Remote_Rendering__Preview_,https://static.docs.com/ui/media/product/azure/remote-rendering.svg,,https://docs.microsoft.com/en-us/azure/remote-rendering/index
Azure_Products_Icons,mobile,Visual Studio App Center,az_Visual_Studio_App_Center,false,cloud,terminal,az_Visual_Studio_App_Center,https://docs.microsoft.com/media/logos/logo_vs-mobile-center.svg,,https://docs.microsoft.com/en-us/azure//appcenter/
Azure_Products_Icons,mobile,Xamarin,az_Xamarin,false,cloud,terminal,az_Xamarin,https://docs.microsoft.com/media/logos/logo_xamarin.svg,,https://docs.microsoft.com/en-us/azure//xamarin/
Azure_Products_Icons,networking,security,Application Gateway,az_Application_Gateway,false,cloud,terminal,az_Application_Gateway,https://static.docs.com/ui/media/product/azure/application-gateways.svg,,https://docs.microsoft.com/en-us/azure/application-gateway/index
Azure_Products_Icons,networking,Azure Bastion,az_Azure_Bastion,false,cloud,terminal,az_Azure_Bastion,https://raw.githubusercontent.com/MicrosoftDocs/azure-docs/master/articles/./media/index/web_connect.svg,,https://docs.microsoft.com/en-us/azure/bastion/index
Azure_Products_Icons,security,Azure Defender,az_Azure_Defender,false,cloud,terminal,az_Azure_Defender,https://raw.githubusercontent.com/MicrosoftDocs/azure-docs/master/articles/./media/index/defender.svg,,https://docs.microsoft.com/en-us/azure/security-center/azure-defender
Azure_Products_Icons,security,iot,Azure Defender for IoT (Preview),az_Azure_Defender_for_IoT__Preview_,false,cloud,terminal,az_Azure_Defender_for_IoT__Preview_,https://raw.githubusercontent.com/MicrosoftDocs/azure-docs/master/articles/./media/index/defender-iot.svg,,https://docs.microsoft.com/en-us/azure/./security-center/azure-defender
Azure_Products_Icons,networking,security,Azure DDoS Protection,az_Azure_DDoS_Protection,false,cloud,terminal,az_Azure_DDoS_Protection,https://static.docs.com/ui/media/product/azure/ddos-protection.svg,,https://docs.microsoft.com/en-us/azure/./ddos-protection/ddos-protection-overview
Azure_Products_Icons,networking,Azure DNS,az_Azure_DNS,false,cloud,terminal,az_Azure_DNS,https://static.docs.com/ui/media/product/azure/dns.svg,,https://docs.microsoft.com/en-us/azure/dns/index
Azure_Products_Icons,networking,Azure Firewall,az_Azure_Firewall,false,cloud,terminal,az_Azure_Firewall,https://static.docs.com/ui/media/product/azure/firewall.svg,,https://docs.microsoft.com/en-us/azure/firewall/index
Azure_Products_Icons,networking,Azure Firewall Manager,az_Azure_Firewall_Manager,false,cloud,terminal,az_Azure_Firewall_Manager,https://static.docs.com/ui/media/product/azure/firewall-manager.svg,,https://docs.microsoft.com/en-us/azure/firewall-manager/index
Azure_Products_Icons,networking,security,Azure Front Door,az_Azure_Front_Door,false,cloud,terminal,az_Azure_Front_Door,https://static.docs.com/ui/media/product/azure/front-door.svg,,https://docs.microsoft.com/en-us/azure/frontdoor/index
Azure_Products_Icons,networking,Azure Internet Analyzer (Preview),az_Azure_Internet_Analyzer__Preview_,false,cloud,terminal,az_Azure_Internet_Analyzer__Preview_,https://static.docs.com/ui/media/product/azure/internet-analyzer.svg,,https://docs.microsoft.com/en-us/azure/internet-analyzer/index
Azure_Products_Icons,networking,Azure Private Link,az_Azure_Private_Link,false,cloud,terminal,az_Azure_Private_Link,https://static.docs.com/ui/media/product/azure/private-link.svg,,https://docs.microsoft.com/en-us/azure/private-link/index
Azure_Products_Icons,networking,Load Balancer,az_Load_Balancer,false,cloud,terminal,az_Load_Balancer,https://static.docs.com/ui/media/product/azure/load-balancer.svg,,https://docs.microsoft.com/en-us/azure/load-balancer/index
Azure_Products_Icons,networking,Virtual Network,az_Virtual_Network,false,cloud,terminal,az_Virtual_Network,https://static.docs.com/ui/media/product/azure/virtual-networks.svg,,https://docs.microsoft.com/en-us/azure/virtual-network/index
Azure_Products_Icons,networking,Virtual WAN,az_Virtual_WAN,false,cloud,terminal,az_Virtual_WAN,https://static.docs.com/ui/media/product/azure/virtual-wans.svg,,https://docs.microsoft.com/en-us/azure/virtual-wan/index
Azure_Products_Icons,networking,security,VPN Gateway,az_VPN_Gateway,false,cloud,terminal,az_VPN_Gateway,https://static.docs.com/ui/media/product/azure/virtual-network-gateways.svg,,https://docs.microsoft.com/en-us/azure/vpn-gateway/index
Azure_Products_Icons,networking,security,Web Application Firewall,az_Web_Application_Firewall,false,cloud,terminal,az_Web_Application_Firewall,https://static.docs.com/ui/media/product/azure/frontdoor-waf-policies.svg,,https://docs.microsoft.com/en-us/azure/web-application-firewall/index
Azure_Products_Icons,security,Azure Dedicated HSM,az_Azure_Dedicated_HSM,false,cloud,terminal,az_Azure_Dedicated_HSM,https://raw.githubusercontent.com/MicrosoftDocs/azure-docs/master/articles/./media/index/dedicated-hsm.svg,,https://docs.microsoft.com/en-us/azure/dedicated-hsm/index
Azure_Products_Icons,security,Key Vault,az_Key_Vault,false,cloud,terminal,az_Key_Vault,https://static.docs.com/ui/media/product/azure/key-vault.svg,,https://docs.microsoft.com/en-us/azure/key-vault/index
Azure_Products_Icons,storage,Archive Storage,az_Archive_Storage,false,cloud,terminal,az_Archive_Storage,https://static.docs.com/ui/media/product/azure/storage-explorer.svg,,https://docs.microsoft.com/en-us/azure/storage/blobs/storage-blob-storage-tiers
Azure_Products_Icons,storage,Avere vFXT for Azure,az_Avere_vFXT_for_Azure,false,cloud,terminal,az_Avere_vFXT_for_Azure,https://raw.githubusercontent.com/MicrosoftDocs/azure-docs/master/articles/./media/index/avere.svg,,https://docs.microsoft.com/en-us/azure/avere-vfxt/index
Azure_Products_Icons,storage,Azure FXT Edge Filer,az_Azure_FXT_Edge_Filer,false,cloud,terminal,az_Azure_FXT_Edge_Filer,https://static.docs.com/ui/media/product/azure/fxt-edge-filer.svg,,https://docs.microsoft.com/en-us/azure/fxt-edge-filer/index
Azure_Products_Icons,storage,Azure HPC Cache,az_Azure_HPC_Cache,false,cloud,terminal,az_Azure_HPC_Cache,https://static.docs.com/ui/media/product/azure/hpc-cache.svg,,https://docs.microsoft.com/en-us/azure/hpc-cache/index
Azure_Products_Icons,storage,Azure NetApp Files,az_Azure_NetApp_Files,false,cloud,terminal,az_Azure_NetApp_Files,https://static.docs.com/ui/media/product/azure/netapp-files.svg,,https://docs.microsoft.com/en-us/azure/azure-netapp-files/index
Azure_Products_Icons,storage,Blob Storage,az_Blob_Storage,false,cloud,terminal,az_Blob_Storage,https://static.docs.com/ui/media/product/azure/storage-accounts.svg,,https://docs.microsoft.com/en-us/azure/storage/blobs/index
Azure_Products_Icons,storage,Disk Storage,az_Disk_Storage,false,cloud,terminal,az_Disk_Storage,https://static.docs.com/ui/media/product/azure/disk-storage.svg,,https://docs.microsoft.com/en-us/azure/virtual-machines/managed-disks-overview
Azure_Products_Icons,storage,Azure Files,az_Azure_Files,false,cloud,terminal,az_Azure_Files,https://static.docs.com/ui/media/product/azure/storage-azure-files.svg,,https://docs.microsoft.com/en-us/azure/storage/files/index
Azure_Products_Icons,storage,Queue Storage,az_Queue_Storage,false,cloud,terminal,az_Queue_Storage,https://static.docs.com/ui/media/product/azure/storage-accounts.svg,,https://docs.microsoft.com/en-us/azure/storage/queues/index
Azure_Products_Icons,storage,Storage,az_Storage,false,cloud,terminal,az_Storage,https://static.docs.com/ui/media/product/azure/storage-accounts.svg,,https://docs.microsoft.com/en-us/azure/storage/index
Azure_Products_Icons,storage,Storage Explorer,az_Storage_Explorer,false,cloud,terminal,az_Storage_Explorer,https://static.docs.com/ui/media/product/azure/storage-explorer.svg,,https://docs.microsoft.com/en-us/azure/vs-azure-tools-storage-manage-with-storage-explorer
Azure_Products_Icons,storage,StorSimple,az_StorSimple,false,cloud,terminal,az_StorSimple,https://static.docs.com/ui/media/product/azure/storsimple-device-managers.svg,,https://docs.microsoft.com/en-us/azure/storsimple/index
Azure_Products_Icons,web,Azure SignalR Service,az_Azure_SignalR_Service,false,cloud,terminal,az_Azure_SignalR_Service,https://static.docs.com/ui/media/product/azure/signalr-service.svg,,https://docs.microsoft.com/en-us/azure/azure-signalr/index
